system,n_frames,n_open,open_frac,mean_vol_all,mean_vol_open,median_vol_open,mean_asa_open,heme_hbond_sum,heme_hbond_partners,heme_drift_mean,heme_drift_std,active_site_rmsf
WT,601,131,0.21797004991680533,8.686572379367721,39.85213740458015,32.38,42.267480916030536,122573,2,6.602967229124438,0.782039105764657,0.08008823529411765
WT_2,601,54,0.08985024958402663,4.033743760399335,44.89407407407408,34.894999999999996,46.10425925925926,164822,2,7.613820297796537,0.5237766035425842,0.0669764705882353
G99E,601,58,0.09650582362728785,4.166638935108153,43.175000000000004,36.78,43.562758620689664,112817,2,6.04744500009852,0.26617462852017104,0.08194117647058824
G99E_2,601,92,0.15307820299500832,7.319018302828618,47.81228260869564,49.16,36.3879347826087,112169,2,6.185307474324308,0.3498548000701506,0.07608235294117648
K139E,601,92,0.15307820299500832,6.546306156405991,42.764456521739135,35.925,37.85478260869565,105189,2,6.175678786951309,0.4952582107018347,0.08734705882352942
K139E_2,601,324,0.5391014975041597,42.692695507487514,79.19231481481481,79.1,65.58533950617283,115752,2,6.525344644223231,0.25843314200142337,0.08171176470588236
M46V,601,70,0.11647254575707154,4.84683860232945,41.61357142857142,35.394999999999996,49.111428571428576,127248,2,6.2528856449545085,0.2774471652958773,0.06624117647058825
M46V_2,601,462,0.7687188019966722,58.74261231281198,76.4162554112554,67.965,72.08597402597402,143503,2,6.111775455289259,0.2764944614567929,0.06735294117647059
I328T,601,291,0.4841930116472546,39.981397670549086,82.573264604811,74.59,73.36209621993127,124353,2,6.464497947729163,0.6688992542689687,0.08177058823529412
I328T_2,601,474,0.7886855241264559,90.64485856905158,114.9315611814346,104.16499999999999,100.88725738396626,112750,2,6.860506226255323,0.33553594927206526,0.10261764705882352
I391N,601,269,0.4475873544093178,22.780415973377703,50.89602230483271,42.53,45.79237918215614,109606,2,6.141489361854538,0.3016635563715903,0.07768235294117648
I391N_2,601,77,0.1281198003327787,5.83630615640599,45.5535064935065,34.89,42.79623376623377,122249,2,6.7435546148361505,0.3142150549659033,0.0655235294117647
K262R,601,33,0.05490848585690516,2.0086189683860236,36.581212121212126,31.39,33.10757575757576,102259,2,5.7782761376125045,0.6409620148292908,0.08811764705882352
K262R_2,601,224,0.37271214642262895,19.72322795341098,52.918124999999996,44.995000000000005,51.540133928571436,127973,2,6.025143005376595,0.3547538322420302,0.08295294117647058
R140Q,601,565,0.940099833610649,95.09475873544093,101.15389380530974,95.03,75.51042477876106,174022,2,5.987386567383793,0.24320713377894745,0.06634705882352941
R140Q_2,601,544,0.9051580698835274,114.32094841930115,126.29943014705883,116.485,114.32301470588236,174055,2,6.985631962345089,0.5474037320454296,0.09257058823529413
R487C,601,407,0.6772046589018302,51.583910149750416,76.1718181818182,69.37,85.22547911547913,114806,2,6.400270337126378,0.3426339727371803,0.08731764705882354
R487C_2,601,260,0.43261231281198004,23.41638935108153,54.127884615384616,49.545,60.84392307692307,158107,2,5.883117169154776,0.27895913961348034,0.08317058823529411
P428T,601,578,0.961730449251248,184.335690515807,191.67084775086505,195.17000000000002,152.28707612456745,112189,2,7.742472590381427,0.5447355491475071,0.08505882352941176
P428T_2,601,64,0.1064891846921797,5.283910149750416,49.61921875,45.394999999999996,46.676874999999995,127273,2,6.852886141434358,0.34398897366517905,0.07157058823529411
S259R,601,130,0.21630615640599002,9.843244592346089,45.50607692307693,40.155,45.47115384615385,134335,2,5.376874041903672,0.3420512362593079,0.06798235294117647
S259R_2,601,62,0.10316139767054909,3.929351081530782,38.089354838709674,32.11,40.88370967741936,157078,2,5.7733493670239096,0.2691080531680506,0.06848823529411764
T306S-R378K,601,260,0.43261231281198004,25.174559068219633,58.19196153846154,48.935,58.61992307692308,173117,2,7.587065012704537,0.7248769718119991,0.07773529411764707
T306S-R378K_2,601,194,0.3227953410981697,21.754808652246254,67.39505154639176,59.739999999999995,60.452422680412376,144242,2,6.079705439292637,0.6336936123566309,0.08902941176470588
