resid,ordered_ss_fraction
1,0.0000
2,0.0000
3,0.0000
4,0.0000
5,0.0000
6,0.0000
7,0.0000
8,0.0000
9,0.9467
10,0.0004
11,0.0004
12,0.0004
13,0.9608
14,0.0572
15,0.4728
16,0.4725
17,0.4368
18,0.0000
19,0.0880
20,0.0000
21,0.0000
22,0.1201
23,0.9865
24,0.9999
25,1.0000
26,1.0000
27,1.0000
28,0.9999
29,0.9999
30,0.9997
31,0.9938
32,0.9759
33,0.9756
34,0.9592
35,0.0000
36,0.0000
37,0.9860
38,0.9940
39,0.9999
40,0.9252
41,0.8732
42,0.5438
43,0.0000
44,0.0000
45,0.4457
46,0.8732
47,0.9806
48,1.0000
49,0.9999
50,0.9999
51,0.3771
52,0.2645
53,0.9866
54,0.9998
55,0.9999
56,1.0000
57,0.9944
58,0.9991
59,0.9739
60,0.9519
61,0.2019
62,0.0092
63,0.0141
64,0.7010
65,0.7019
66,0.7161
67,0.8495
68,0.8064
69,0.9410
70,0.9760
71,0.0000
72,0.0000
73,0.0000
74,0.0123
75,0.0123
76,0.0124
77,0.9974
78,0.9974
79,0.9974
80,0.9595
81,0.0000
82,0.0000
83,0.0000
84,0.0487
85,0.0776
86,0.0776
87,0.0776
88,0.0000
89,0.0000
90,0.8734
91,0.9932
92,0.9983
93,0.9999
94,1.0000
95,1.0000
96,1.0000
97,1.0000
98,1.0000
99,0.9999
100,0.9999
101,0.9997
102,0.9935
103,0.9748
104,0.8403
105,0.6240
106,0.4440
107,0.0025
108,0.4340
109,0.0002
110,0.0002
111,0.4338
112,0.0025
113,0.0011
114,0.9684
115,0.9980
116,0.9992
117,0.9997
118,0.9989
119,0.9996
120,0.9992
121,0.9983
122,0.9988
123,0.9993
124,0.9997
125,0.9928
126,0.9997
127,0.9997
128,0.9999
129,0.9989
130,0.9677
131,0.8178
132,0.4218
133,0.0060
134,0.0000
135,0.0003
136,0.1817
137,0.9906
138,0.0000
139,0.2596
140,0.7871
141,0.7882
142,0.9323
143,0.8851
144,0.9922
145,0.9944
146,0.9987
147,0.9993
148,0.9998
149,1.0000
150,1.0000
151,0.9995
152,0.9999
153,0.9924
154,0.9924
155,0.9573
156,0.1929
157,0.0000
158,0.0000
159,0.0000
160,0.0000
161,0.0000
162,0.0000
163,0.0000
164,0.0000
165,0.9683
166,0.9686
167,0.9992
168,1.0000
169,0.9996
170,0.9999
171,0.9996
172,0.9964
173,0.9983
174,0.9997
175,0.9890
176,0.9860
177,0.9968
178,0.9993
179,0.9995
180,0.9990
181,0.9722
182,0.4191
183,0.0000
184,0.9208
185,0.9802
186,0.9994
187,0.9994
188,0.9989
189,0.9949
190,0.9711
191,0.9649
192,0.9208
193,0.9517
194,0.9518
195,0.9548
196,0.9757
197,0.0400
198,0.0370
199,0.0000
200,0.0000
201,0.0000
202,0.9754
203,0.9977
204,1.0000
205,1.0000
206,0.9999
207,0.9995
208,0.9995
209,0.9993
210,0.9987
211,0.9999
212,0.9996
213,0.9992
214,0.9955
215,0.9999
216,0.9999
217,0.9998
218,0.9999
219,0.9999
220,1.0000
221,0.9999
222,0.9767
223,0.9263
224,0.6352
225,0.5621
226,0.3725
227,0.0684
228,0.0001
229,0.0132
230,0.0000
231,0.0000
232,0.0132
233,0.0000
234,0.0000
235,0.0000
236,0.9923
237,0.9945
238,1.0000
239,1.0000
240,1.0000
241,1.0000
242,0.9989
243,0.9996
244,0.9939
245,0.9658
246,0.9193
247,0.5806
248,0.2062
249,0.1980
250,0.0002
251,0.0000
252,0.0000
253,0.0000
254,0.0000
255,0.0000
256,0.0000
257,0.8359
258,0.9319
259,0.9788
260,0.9964
261,0.9975
262,0.9982
263,0.9963
264,0.9980
265,0.9949
266,0.9952
267,0.7974
268,0.7388
269,0.6930
270,0.4714
271,0.4211
272,0.7150
273,0.7574
274,0.9949
275,0.9990
276,1.0000
277,1.0000
278,1.0000
279,1.0000
280,1.0000
281,0.9990
282,1.0000
283,0.9987
284,0.9999
285,0.9997
286,0.9992
287,0.9728
288,0.9657
289,0.0000
290,0.9569
291,0.9855
292,0.9995
293,1.0000
294,1.0000
295,1.0000
296,0.9998
297,1.0000
298,0.9999
299,0.9998
300,1.0000
301,0.9964
302,0.9840
303,0.9702
304,0.0264
305,0.0085
306,0.0085
307,0.0085
308,0.0000
309,0.0000
310,0.0000
311,0.0000
312,0.7839
313,0.7940
314,0.8903
315,0.9802
316,0.3985
317,0.3396
318,0.0000
319,0.9940
320,0.9963
321,1.0000
322,1.0000
323,1.0000
324,1.0000
325,1.0000
326,1.0000
327,1.0000
328,0.9999
329,0.9955
330,0.9820
331,0.9381
332,0.0031
333,0.0000
334,0.0000
335,0.0000
336,0.0000
337,0.0000
338,0.0000
339,0.0000
340,0.0001
341,1.0000
342,0.9998
343,0.8190
344,0.0000
345,0.0000
346,0.0000
347,0.9986
348,0.9984
349,0.9916
350,0.0003
351,0.0003
352,0.9913
353,0.9984
354,0.9986
355,0.0000
356,0.0000
357,0.0000
358,0.1538
359,0.9996
360,1.0000
361,0.9987
362,0.9986
363,0.3771
364,0.7979
365,0.9928
366,0.9930
367,0.9180
368,0.5186
369,0.0438
370,0.0000
371,0.0125
372,0.0125
373,0.0125
374,0.0062
375,0.0000
376,0.0000
377,0.0000
378,0.0000
379,0.0000
380,0.0000
381,0.0000
382,0.9993
383,0.9996
384,0.9996
385,0.5379
386,0.9872
387,0.1842
388,0.0000
389,0.0000
390,0.0011
391,0.1832
392,0.9872
393,0.0000
394,0.0000
395,0.0002
396,0.0002
397,0.0002
398,0.0000
399,0.0000
400,0.0000
401,0.0000
402,0.0000
403,0.0006
404,0.0139
405,0.0139
406,0.0145
407,0.0000
408,
409,0.0000
410,0.0412
411,0.0434
412,0.3833
413,0.7902
414,0.9575
415,0.9551
416,0.9812
417,0.9997
418,0.9997
419,0.9998
420,1.0000
421,0.9993
422,0.9990
423,0.9999
424,0.9991
425,0.9991
426,0.9990
427,0.7549
428,0.7543
429,0.8158
430,0.9976
431,0.9959
432,0.9978
433,0.0000
434,0.0000
435,0.0000
436,0.0000
437,0.3194
438,0.3194
439,0.3194
440,0.0000
441,0.0000
442,0.0000
443,0.0000
444,0.0094
445,0.0085
446,0.9256
447,0.9971
448,0.0002
449,0.0000
450,0.0000
451,0.9971
452,0.9256
453,0.0085
454,0.0094
455,0.0000
456,0.0000
457,0.0000
458,0.9906
459,0.9986
460,0.9959
461,0.9976
462,0.8158
463,0.0000
