BC,CC,DC,EC,ECC,L,PR,katz
5.2287211659318486e-05,0.11428067156397136,,0.002437421219394081,,,,
0.0031531028317685937,0.12426696805898123,,0.006549537401841232,,,,
0.005162946608004917,0.13321984572193124,,0.01466537361809273,,,,
0.0001526765908741619,0.12665603819783328,,0.007668447708704754,,,,
0.002106253459182988,0.12980448838453362,,0.009103508502170066,,,,
0.003446220556631562,0.12532120942222358,,0.004509927839064236,,,,
6.217164153326271e-05,0.11405827022072859,,0.0011018189954043515,,,,
0.00313992128386113,0.1232946210935219,,0.003500927725222135,,,,
0.0021732936445460426,0.11641540241787605,,0.002726685283159271,,,,
1.2278240826448183e-05,0.10753959021078213,,0.0006870598270610418,,,,
0.002033330190499225,0.11695320476675528,,0.001897518184451217,,,,
0.002361870579908364,0.12369198194267729,,0.003956854142696841,,,,
0.0037408813834835094,0.12729757439648784,,0.006098888511783929,,,,
0.010120232551837027,0.13541709071140065,,0.007739021349988791,,,,
0.007844511775560956,0.1329123734987103,,0.005604832374650524,,,,
0.00032823896290651246,0.1199052792058074,,0.00195895064717981,,,,
0.0021497819941353204,0.12816088388093652,,0.0036566419075419287,,,,
0.013768837618392933,0.14175328137236592,,0.009557263435806977,,,,
0.002245732656359925,0.13900601303601237,,0.01010446727941078,,,,
0.0008079025731632955,0.13201498825184407,,0.005122921484018767,,,,
0.001407416002813731,0.1381025773034752,,0.007369625628494019,,,,
0.009376789015828103,0.1538154628289342,,0.021574891858618866,,,,
0.02224153823828489,0.15892958632676446,,0.026104200827339375,,,,
0.039509722824732536,0.17040654489634424,,0.03530939533735803,,,,
0.0033237115106285347,0.14911116793406903,,0.013362135842473581,,,,
0.008219371778044536,0.14669609267479053,,0.016916969203535772,,,,
0.026995248930917905,0.16019763135656567,,0.025678603196395124,,,,
0.0039326231028577,0.14633136279889664,,0.011543692390733851,,,,
0.0016030122430347855,0.13468112096544207,,0.007921659712298627,,,,
0.01288367444481699,0.1436024421105397,,0.015862010254657152,,,,
0.007910661222262525,0.14400574513848755,,0.016520310769868266,,,,
0.0004152339001989668,0.1283511982318917,,0.004247488156565284,,,,
0.00012014643654761182,0.12581492626599589,,0.004351775686504485,,,,
0.0011203053403661262,0.1308639881186182,,0.009593472798922123,,,,
0.0011683255408095736,0.13414075810560253,,0.011812096785751814,,,,
0.00459945023643271,0.14287663649829083,,0.025640875469153432,,,,
0.01333730283085413,0.1416984062342199,,0.025835814562713343,,,,
0.012279471428860347,0.1424534230766534,,0.020137069011247462,,,,
0.0050768225908989694,0.134678046374381,,0.0133074789139298,,,,
0.023262217693757005,0.1483937564747675,,0.015255650977685355,,,,
0.009140013634295167,0.13703595699817228,,0.008238107246699298,,,,
0.022537885776971855,0.14620329028415785,,0.010412229013925007,,,,
0.01281065668032203,0.13394965216408006,,0.007163263745295937,,,,
0.000667888599420965,0.1201569600800264,,0.001793426777378164,,,,
0.0026256024386556395,0.12900504375338567,,0.003895601300611478,,,,
0.006689625666078877,0.13489154276800466,,0.008248176561572318,,,,
0.018792676030311446,0.1513118373668872,,0.015846147057921842,,,,
0.015972587087143147,0.14801238405227415,,0.020910948384299695,,,,
0.03775370453593806,0.1617460832008547,,0.03415939174649596,,,,
0.01824540719724255,0.15874480770946922,,0.047774559568290846,,,,
0.010216423951230211,0.15535538338048735,,0.04103361161003967,,,,
0.012011754708093002,0.15508866999585855,,0.04863871012510368,,,,
0.008288954466616956,0.15480247280837983,,0.0408309335149856,,,,
0.0008832586463642223,0.14226074342156425,,0.023069028107051456,,,,
0.010835658013021643,0.15000262686419671,,0.04315480288535024,,,,
0.024488105044891864,0.1652558869033078,,0.05652631539045576,,,,
0.006454160527414946,0.1516496075811628,,0.026240334010356917,,,,
0.0033663178847230467,0.1420737218693506,,0.02069319777511869,,,,
0.018524309517416633,0.1583503945417079,,0.03711128437674488,,,,
0.018981563457616455,0.1591307083534467,,0.025981458315057333,,,,
0.003443560286137278,0.1460006931835302,,0.012615146194314829,,,,
0.00022013292389925436,0.13403176101435602,,0.0072001868701714695,,,,
0.008335830630156702,0.1419295268653172,,0.01588811262749253,,,,
0.009775277118105047,0.1456359455387336,,0.012513626298580424,,,,
0.0005510422578614625,0.1327174676577473,,0.004410101305415931,,,,
0.002929998452255556,0.1336523131834981,,0.011212613556571162,,,,
0.01230483908298481,0.14869544353089728,,0.019596607256795302,,,,
0.004535400607371144,0.14058240140965775,,0.00788804645351813,,,,
0.015626692669909376,0.14925658206514486,,0.01353682410701108,,,,
0.02394091730281478,0.15348019682982647,,0.020721142170895848,,,,
0.025516918045309454,0.16063992561913087,,0.017094738516640468,,,,
0.03597768843800835,0.1663309067783312,,0.02819315737906773,,,,
0.02567245242568602,0.17277663641171298,,0.029529334672379653,,,,
0.021867651667186253,0.1606983817578851,,0.023688486328317146,,,,
0.014555619357025366,0.16568899467447315,,0.03897945762458467,,,,
0.0159195404483008,0.16733924104891124,,0.03910271382270501,,,,
0.02440251682237423,0.1641061759279156,,0.036378783169220344,,,,
0.002238972172473802,0.14756137289356888,,0.012656211216496604,,,,
0.006973139716095702,0.15742694009628977,,0.033720333015480816,,,,
0.02910073228201991,0.16440062086136317,,0.1071286451248172,,,,
0.0005093302207938202,0.14405343811039753,,0.04371229832432599,,,,
0.0012422732933860675,0.1523634120340673,,0.08224364089023185,,,,
0.011021504354857225,0.15747002956945735,,0.1322168388331836,,,,
0.026507564080783832,0.16801309995837677,,0.19754877042902783,,,,
0.017729374642052566,0.16780932587123956,,0.15352741149692062,,,,
0.013515173275205036,0.17028526698029997,,0.08399269428569013,,,,
0.03211100334355379,0.1655372974204668,,0.10466226871288634,,,,
0.014739356789033162,0.15899255045136945,,0.13832773557506084,,,,
0.02025102469603835,0.14848298855581993,,0.04982194606177154,,,,
0.0017808934553633449,0.13987236661604674,,0.0442052051552341,,,,
0.00031147881624256216,0.13447326108503238,,0.0374106195003901,,,,
0.011240419592874813,0.14898428506380243,,0.08759616020612905,,,,
0.010370365904557454,0.1545999936829317,,0.10228150001064881,,,,
0.0021602395548259608,0.1439160024742603,,0.05060558042196115,,,,
0.0038754849590346904,0.14489030442514378,,0.06735712851627412,,,,
0.02480988665287799,0.1632398290221094,,0.17201300660213273,,,,
0.011454628591630859,0.15992755227793612,,0.09013237155908742,,,,
0.0028660801988860747,0.14647953735974428,,0.043117797735712365,,,,
0.007861513919680228,0.15510429086366465,,0.059184656066924426,,,,
0.042888136303202824,0.17128517717338834,,0.09403385051863011,,,,
0.011743068210232728,0.16146679873966088,,0.04354525811855455,,,,
0.0037047833493786477,0.14877228362686942,,0.026180573168796028,,,,
0.02273367914027819,0.15906913523849128,,0.03943821147006555,,,,
0.027441230251157623,0.16833616700747853,,0.03773320177839674,,,,
0.007965704076604355,0.15577954407816502,,0.01821987916522944,,,,
0.008197525306490776,0.14447482231804704,,0.011993272477401971,,,,
0.006479029115133434,0.13920428083150246,,0.005459120630135276,,,,
0.0042196080862435745,0.12815847863287155,,0.00287082114748347,,,,
0.002583186221027509,0.12016046573189448,,0.0020087836328614174,,,,
0.002621082007495016,0.12578437506395093,,0.0032651394077547282,,,,
0.007744429261208348,0.13606105162974255,,0.0053907852286102665,,,,
0.00877902809296802,0.14162594109111584,,0.007555731071638327,,,,
0.008320492914651518,0.14829952001304242,,0.010958844163671369,,,,
0.031010115108675556,0.16603582983406934,,0.02414137007024918,,,,
0.015353029666458939,0.15695955959850358,,0.01785014400270359,,,,
0.004143666949549248,0.1471254557012697,,0.012314521421247542,,,,
0.017534876357752426,0.16187580404858995,,0.0271014040764781,,,,
0.03401032327718184,0.16799211260273464,,0.034513334814564034,,,,
0.0046830910409047894,0.15295763063123255,,0.0183020528094337,,,,
0.0022520983667020495,0.14771928024915484,,0.013914287278364362,,,,
0.02243748256417133,0.16237389903392638,,0.03317682288692995,,,,
0.014318724144318761,0.16219908296377863,,0.028603565554818706,,,,
0.0021960645657733173,0.14331499312420665,,0.011092575868295653,,,,
0.002953186736928173,0.14409213788422567,,0.011252763516438507,,,,
0.02009730367648883,0.15675896323850405,,0.02053099615338368,,,,
0.00830409373060617,0.1463180735510982,,0.013863187373869181,,,,
0.0010850350628484843,0.13581651049489288,,0.005876063083676238,,,,
0.010188634524612798,0.14427714472859565,,0.008843278402627084,,,,
0.013952868360077513,0.14302307572173809,,0.009465536203548513,,,,
0.0010744893943425327,0.1295940500715201,,0.004537213395207653,,,,
0.00030774352775667373,0.12850285478637963,,0.002630609562817264,,,,
0.0046128540599760836,0.13479064747639474,,0.004736358121687812,,,,
0.0014573152645841656,0.12807468526891366,,0.0038086473108983614,,,,
0.000483750846487522,0.1250001327776335,,0.002973795166925385,,,,
0.0010388456861849006,0.12814789471887042,,0.002392510515203652,,,,
0.0008417728969473229,0.13158699603369683,,0.0026635052470169412,,,,
0.007835882778746778,0.1432956899067343,,0.006299773062978119,,,,
0.005187163973611566,0.15023507550161624,,0.008398394455775787,,,,
0.019738529892867174,0.16181829654076166,,0.01958828257774973,,,,
0.012452215857316588,0.16773593385866511,,0.024665613274261415,,,,
0.0063841583360906545,0.1605918828273598,,0.023821543404983773,,,,
0.011805311031106838,0.16084861071964246,,0.02021543624129889,,,,
0.02259844041890568,0.17799542753157271,,0.04298179849598669,,,,
0.01890636446000401,0.17674291846790866,,0.049158266010840106,,,,
0.013770552133949473,0.1657243059921799,,0.03472654839290767,,,,
0.018793500583641563,0.16970620793280924,,0.03363040329561712,,,,
0.02507147941959068,0.18361278255146554,,0.053720286591696864,,,,
0.020632796606604525,0.17417210506276132,,0.05254980090409677,,,,
0.020381963652396088,0.16512689014059526,,0.040987397820825396,,,,
0.03579956681017621,0.1746730114348125,,0.04179081085567557,,,,
0.03871839152121552,0.18002953604443356,,0.05451174409417259,,,,
0.022956094667690465,0.16439096395022032,,0.044285299689747384,,,,
0.011289501496602928,0.15927827867418887,,0.03182388306692206,,,,
0.027902956935250876,0.16871407212618322,,0.03811496094520622,,,,
0.03289296545614764,0.16911757933332416,,0.06138208708019985,,,,
0.01118141378069199,0.15240923098275913,,0.03315733428089277,,,,
0.006134476778059166,0.14678613596651266,,0.02066092661007803,,,,
0.0009863226712872523,0.14464746255485608,,0.017373039600612136,,,,
0.00150662395881062,0.14886581002715205,,0.019200765507922282,,,,
0.008098846145858558,0.15117688708667665,,0.016489406010165863,,,,
0.0013935201751748968,0.1399766447756844,,0.005717158968536018,,,,
0.007486859330331717,0.14845092604746693,,0.009261880677352318,,,,
0.0005305650658933797,0.13439433510656637,,0.003562527641563788,,,,
0.003815187069956332,0.14160911559411335,,0.008702497067468475,,,,
0.00023844589004144237,0.13752924506131495,,0.005999157467264913,,,,
0.0004822055225071451,0.13748235314463736,,0.0067622260580912025,,,,
0.00541968582053013,0.1511657044796208,,0.013960381422389359,,,,
0.006023355385920827,0.15134667598781795,,0.01741386816786264,,,,
0.00385073518531072,0.14840660870670339,,0.016051528634378823,,,,
0.010924765657665888,0.1607026266436512,,0.02556151149792226,,,,
0.02313671852404871,0.1710961814898765,,0.043424397853745085,,,,
0.005789567534219477,0.16096073993931395,,0.02932163823618101,,,,
0.014856282133429058,0.1679784083309307,,0.05028757803753371,,,,
0.03061884761178728,0.18319344865389603,,0.059729082474242905,,,,
0.013277594828078828,0.1747205334663215,,0.0471002721532195,,,,
0.007408463156215876,0.16683558570484025,,0.04696048867242777,,,,
0.02762386294661254,0.1770676067578567,,0.0674710950022039,,,,
0.028571229563432998,0.1855721895688338,,0.06413642934345591,,,,
0.014935326526088682,0.17508643768366125,,0.057561906625230926,,,,
0.014469103064580636,0.17076681844011665,,0.05920781547784855,,,,
0.032528653804727095,0.18284787759497653,,0.061737664695338444,,,,
0.028211478380141073,0.18375059457661116,,0.08106801794044448,,,,
0.01876747513108172,0.16815922409384365,,0.05319871210852102,,,,
0.013179943251636453,0.15936367797903706,,0.03471955804022844,,,,
0.005132729067307682,0.15618236530536603,,0.033902579481926626,,,,
0.019968524742134935,0.1674129641595275,,0.05108555043658721,,,,
0.014520660303132416,0.1650217175971694,,0.036859593715256475,,,,
0.01598646663958433,0.15390632218847972,,0.029846555247503678,,,,
0.021356205039283146,0.1578561423252936,,0.03478490086808978,,,,
0.025609204178581133,0.15230841959634597,,0.01581484687336972,,,,
0.018789656110244378,0.14377343123061218,,0.01116913968252653,,,,
0.0054500955071067015,0.13949870546078025,,0.010827800542003576,,,,
0.006772119478290281,0.14384775016786872,,0.013539794245532377,,,,
0.0005028020144230171,0.12966057294879116,,0.0052169523522127715,,,,
0.0007864140124400463,0.1264888600803481,,0.004101568540960608,,,,
0.010557939046161948,0.13978108915326184,,0.012328936629458328,,,,
0.0035925871278666096,0.1311465682954238,,0.005911009597409649,,,,
0.00012467145735882388,0.11763268762283598,,0.0015925538744677665,,,,
0.00178805835379351,0.1257281131881902,,0.0038738558185573754,,,,
0.0010960867137307442,0.12914869607619775,,0.006001915737192306,,,,
0.003870588683246415,0.14252177101042074,,0.020376014370895718,,,,
0.009170620283323654,0.1584037899087692,,0.04457908912542523,,,,
0.017687901766598232,0.15692391956444093,,0.035532477705574585,,,,
0.0036997475958900324,0.14476500875956624,,0.020906352208887844,,,,
0.005010120720479161,0.15484299300461077,,0.0371837007968743,,,,
0.03070375232785315,0.1708028883849574,,0.0649407142818996,,,,
0.00813438297610857,0.15531935127045418,,0.034124157107516616,,,,
0.0017445086269791263,0.14744786101109678,,0.0257153559039676,,,,
0.01051060884415772,0.16345601719414532,,0.05448870100920576,,,,
0.02277205210933165,0.1649717160977432,,0.05724359340387109,,,,
0.0033948454452269058,0.14851144499506544,,0.02948129072759591,,,,
0.004562982097622598,0.1538847469124015,,0.031919289048645175,,,,
0.016356620073253107,0.16571095284051054,,0.05968284320433043,,,,
0.012226502311813726,0.15824885026378455,,0.0594956824569912,,,,
0.0035892540337062215,0.1436043567022691,,0.025937629004478106,,,,
0.008412491398432535,0.1512344459586304,,0.03064934163126011,,,,
0.014402692494224103,0.1576695948234076,,0.07100003093180055,,,,
0.005574640731372465,0.1443325968666319,,0.04035640367592271,,,,
0.003736892673195301,0.13855356989166429,,0.02213798694332803,,,,
0.015230632023914533,0.1477187530075308,,0.04345142657382085,,,,
0.009114971930235399,0.14463921554304898,,0.04203271650897466,,,,
0.002261207075533359,0.13091444175276104,,0.018194965625276113,,,,
0.004944521248915061,0.13076409953010606,,0.016012879960590514,,,,
0.0145030941358798,0.13820857834867878,,0.030003431783103655,,,,
0.0016483704278633553,0.1264761920484544,,0.011707379054040715,,,,
0.0011248324967428976,0.11763272540763328,,0.005717233066341103,,,,
0.008773649643261735,0.12030971791285176,,0.005794157844592687,,,,
0.001017602650784577,0.10954410556014818,,0.0017607781587758704,,,,
0.0029642844532296723,0.10903839783694708,,0.0010121148693543543,,,,
0.00012412931327348005,0.1030404764551369,,0.00034586290689542584,,,,
0.0038657669285712026,0.11029215248779123,,0.000684167320416853,,,,
0.005723359366635836,0.12000617717399581,,0.002135999254307051,,,,
0.008191985084547607,0.13277518972965943,,0.01182429472584806,,,,
0.007330537606601593,0.1358806649409125,,0.013368783867691797,,,,
0.010040072708579992,0.14966444435956427,,0.03595249730094071,,,,
0.024617545183742578,0.15896651867734565,,0.044173491149487196,,,,
0.02759501252679667,0.15399549607531648,,0.05572263476838884,,,,
0.005604901592190325,0.1401065002378528,,0.02729696359254967,,,,
0.015082598187733012,0.14682652217721565,,0.024343203874264963,,,,
0.016622354987790435,0.14719711580117498,,0.03477748671383795,,,,
0.006489434600540759,0.13615827558730875,,0.02483154251552803,,,,
0.004463062237375028,0.13240949873064217,,0.014219386350857021,,,,
0.00851198266061114,0.13553151494857255,,0.019684032512237205,,,,
0.006811314442157967,0.13394502481501758,,0.019560058901698173,,,,
0.002489034529743038,0.1242039708243736,,0.008370165511615207,,,,
0.0006182511785223266,0.12090953766242932,,0.006817011896336062,,,,
0.007145221641412925,0.12597820998813322,,0.014615387522645424,,,,
0.0019218321883259376,0.11645911746911033,,0.004373335811739865,,,,
4.116434123838445e-05,0.10786581337679463,,0.0016192076988852144,,,,
0.0048714139937982084,0.11609297431383298,,0.005310095648645623,,,,
1.164259474439493e-05,0.10440967391112367,,0.0011982416253716415,,,,
0.0015588432566704432,0.1141697380621012,,0.0035667174528180297,,,,
0.01205646030628595,0.12836531586799643,,0.019266200177676017,,,,
0.015600630794579576,0.14232799611413272,,0.06011167921184933,,,,
0.014332172568650091,0.13831054364381618,,0.03792037914855054,,,,
0.004072565127898281,0.1382656774936578,,0.04475648380526261,,,,
0.00044756939147078844,0.13737608572398863,,0.025935226596096962,,,,
0.0034919691199251325,0.1466622994520926,,0.06815105474051922,,,,
0.022743197048816152,0.1556013650332062,,0.13586150179625864,,,,
0.01112992589870905,0.1518243393851762,,0.05994089883964178,,,,
0.010904668524446413,0.15910054417317654,,0.08303325152914032,,,,
0.018989700369227973,0.16572308314169845,,0.14475141603911806,,,,
0.014714600149194632,0.16523012351621172,,0.15421915627326035,,,,
0.024675734960334577,0.16768743259951235,,0.09320638549111118,,,,
0.029434959494111734,0.17315524777839245,,0.10413706279852619,,,,
0.0211320177010592,0.17360493127036136,,0.1307376194083219,,,,
0.018620216895562248,0.17447048015260827,,0.07130414515979591,,,,
0.027122103190250733,0.1781893215324532,,0.06536429940437558,,,,
0.02142258841351552,0.17799757950408734,,0.06079327590145583,,,,
0.018666677346699623,0.1825798627572548,,0.0467654339985937,,,,
0.015359510668449426,0.18541507989313005,,0.04142685362138361,,,,
0.03798649340492219,0.18803259058052899,,0.06272523652529906,,,,
0.03379510635864743,0.19330848282114507,,0.06334158319196848,,,,
0.026814796076056812,0.19522745323879545,,0.04742398000673642,,,,
0.029904402629555547,0.19170535637735125,,0.048944523401632564,,,,
0.03398172767399173,0.1926092218847663,,0.06383303329638039,,,,
0.04009620126312153,0.19652454963319585,,0.06111966185664392,,,,
0.04895788577283739,0.19790712710322667,,0.054345675053482236,,,,
0.044846442984526697,0.18958580157648536,,0.04899967791095267,,,,
0.030604663069130466,0.1863554037597498,,0.051385196451334325,,,,
0.03212551863898661,0.18683738018119586,,0.05127730075487462,,,,
0.018779742101190492,0.17877114954247914,,0.04062472047466717,,,,
0.010000196754333711,0.16774200518017074,,0.02586312069543897,,,,
0.028692026042722574,0.17278755191276246,,0.034979027455547124,,,,
0.02769081441062289,0.17124867114748807,,0.036644016827506246,,,,
0.015602093107121299,0.1603396439746297,,0.0251359428645192,,,,
0.018103323663071203,0.1560866770556893,,0.017144810544576044,,,,
0.015152890350257955,0.15458578898257175,,0.01517234246980315,,,,
0.00886826992930175,0.15210693516687446,,0.018950550597373505,,,,
0.002758115437600319,0.1393962194354495,,0.009931829090069975,,,,
0.00098028524209018,0.13688267358520062,,0.011318745492426856,,,,
0.008894431503101728,0.15171747636532779,,0.026563446780211174,,,,
0.010698014655141693,0.1477592770933207,,0.02104819182227912,,,,
0.0013006847948875994,0.13203339358829289,,0.011980728602082488,,,,
0.0026433920330207047,0.13772773465107244,,0.020320895057353676,,,,
0.017473305252272392,0.15238270922005867,,0.03858912650567181,,,,
0.004567962414149948,0.1404843381061457,,0.019027708631575737,,,,
0.0007492449870548683,0.1282196571448516,,0.012815788589675142,,,,
0.0073540698371232964,0.14199223018530036,,0.030391980004112015,,,,
0.015161267556908484,0.1451724050870644,,0.02756218994878984,,,,
0.002345891980030215,0.12887131556299836,,0.010549094028146088,,,,
0.0001940206929744433,0.12519703293404857,,0.008936541643357283,,,,
0.0021622520071513857,0.13390221987232537,,0.016843611299193196,,,,
0.0061460177325621855,0.13694922248525593,,0.014853946931151302,,,,
0.0040503178149999515,0.12754290648555905,,0.008162845391701689,,,,
0.0011262140329943886,0.11869703354906379,,0.00317502344463275,,,,
6.729655914341366e-05,0.11361049001881962,,0.0016449330801897384,,,,
0.0021241495693089165,0.12245828658344433,,0.003947486390624005,,,,
0.002618528903864635,0.13220261399316569,,0.0047428142625362294,,,,
0.014066653972659344,0.14894878627901084,,0.02034624844485771,,,,
0.0014755297463353164,0.13884620481435575,,0.008084075565157289,,,,
0.014183224243463258,0.15267030391386693,,0.012336577151760899,,,,
0.000722455734218889,0.13582281111495736,,0.005650289068020566,,,,
0.006553577439009866,0.14100154095935427,,0.016410876109876724,,,,
0.016207042806698397,0.15364173363314526,,0.017950094123855623,,,,
0.00032734836748509925,0.13366146688946817,,0.004189556043375543,,,,
0.0002530314757730037,0.13151593674535728,,0.009054676346450382,,,,
0.011120985898759301,0.14619140328841304,,0.029820843207903697,,,,
0.007484707142388364,0.1420917172361835,,0.03174383586931425,,,,
0.008769479428707407,0.14936156631329797,,0.04402912171219427,,,,
0.010586578621284341,0.1560534601719696,,0.038961391103544664,,,,
0.021682190228060793,0.1589470667431846,,0.03638850323770139,,,,
0.010657717095661365,0.15480808241748356,,0.05439127773860533,,,,
0.029305056763633906,0.16669158884065766,,0.0523480222638873,,,,
0.046494629618146426,0.17696376955973686,,0.04143061856226558,,,,
0.027552547305623072,0.1710381786133372,,0.04030298267528859,,,,
0.02434761346576901,0.16822924905111392,,0.05325963294999219,,,,
0.039308530796881055,0.18315830056915866,,0.04949538287874468,,,,
0.03629258732492509,0.18609040728857773,,0.03664719816830025,,,,
0.029573289382882086,0.17607871251921334,,0.0340657215061179,,,,
0.011780038517381753,0.17555971282795768,,0.03130242672878582,,,,
0.05199615816200385,0.19469457089058714,,0.046536072219577784,,,,
0.0473643668224474,0.19060518732965523,,0.04486725729145863,,,,
0.06474982228741882,0.1987719350728375,,0.053921791161812616,,,,
0.02122229232700811,0.1880542796145779,,0.0320472552039972,,,,
0.043603290680310734,0.18444684633830394,,0.05754790293139706,,,,
0.0217493101552798,0.17780617110381525,,0.0404235923063062,,,,
0.022370947070876977,0.18150047370780845,,0.02682065993235965,,,,
0.018800714498170116,0.17210122576372303,,0.013666289786260204,,,,
0.021609032402583345,0.163968794631358,,0.01869005823413117,,,,
0.013579079038898012,0.156634612746526,,0.021035687096650643,,,,
0.01639509461235718,0.1498181986714529,,0.014998573673972164,,,,
0.016586998977349852,0.14390363342122597,,0.017945874926445615,,,,
0.004906040208121929,0.13633506458550013,,0.00857838708129518,,,,
0.0011619138622453447,0.12593828097003684,,0.00636888785230702,,,,
0.0004259087243128188,0.1200135236406872,,0.004773032189659599,,,,
0.006694819974097608,0.1324987889007638,,0.01077881417239116,,,,
0.0008357054373232484,0.12124527373073904,,0.004750481248235249,,,,
0.00598459850158346,0.13136175333553876,,0.01240653703870345,,,,
0.0033083962986347314,0.12788257101292497,,0.010349756688216593,,,,
6.281751057497696e-05,0.11772569106066033,,0.004164754774412107,,,,
0.004584756603564188,0.12484195808772221,,0.01009384327148761,,,,
0.001342314670932169,0.12153752185140787,,0.005455570485305443,,,,
0.010125783443004993,0.13645217189637468,,0.013729498827328246,,,,
0.0011748716136506378,0.12528702026723973,,0.005789349079195428,,,,
0.0011261439827137032,0.12586577808065338,,0.005483553183551783,,,,
0.001087460211851488,0.13225749405414142,,0.0047446180476334605,,,,
0.009647351686221238,0.14125460646962557,,0.015000620813925248,,,,
0.009597823815158493,0.15008947391931168,,0.014289388945086448,,,,
0.02273779162992601,0.15644446323638914,,0.029016704213969072,,,,
0.02744569163625391,0.16835227040178696,,0.033300478921525274,,,,
0.029227774318954472,0.1722922576263487,,0.04903796758634003,,,,
0.05169996019831869,0.17502258706063994,,0.05636937271812286,,,,
0.06472223285237418,0.18607621724580006,,0.06348445213878645,,,,
0.02484786211105641,0.1797833736181538,,0.04421851471578409,,,,
0.012229628531636774,0.16417356705889005,,0.040830862657903824,,,,
0.021301262101405042,0.17001916186410587,,0.05248593673675196,,,,
0.03167411534399623,0.18055848056069002,,0.03961459556534834,,,,
0.01222965754511641,0.1620754467024075,,0.02374810073374763,,,,
0.016297364233314276,0.15498516731390602,,0.03830631849162084,,,,
0.00042660374030937463,0.13747062074359145,,0.0092263998321257,,,,
4.490157709464018e-05,0.13547287704851,,0.010204295949661556,,,,
0.002755349619604511,0.1449808319494086,,0.019252579717572875,,,,
0.01316809236020716,0.149991546603638,,0.0167880121218039,,,,
0.00020368195709430696,0.13247788600995633,,0.003394521750124477,,,,
0.0018403319092458817,0.13796030332695747,,0.0037998066162715206,,,,
0.004925197011197159,0.14569008856223237,,0.010802392634405623,,,,
0.0022171465608026336,0.14270863346878992,,0.004263031094249642,,,,
0.00523988996022065,0.14414201037103622,,0.006367745177692902,,,,
0.01187481233342359,0.15752982065384732,,0.020375576896242985,,,,
0.003159978665547172,0.14767146455370303,,0.018812044896682117,,,,
0.010480890396835798,0.15296587777829318,,0.04602476850244011,,,,
0.0008636060300463886,0.14124984397421253,,0.01705039407791501,,,,
0.014130018122696002,0.15510459599291118,,0.027249236042437633,,,,
0.008986592038986831,0.1529997900738332,,0.03960372383655142,,,,
0.007283605391894615,0.1382388114708484,,0.033719228008956575,,,,
0.005771527559424374,0.12569640263656343,,0.011608325681727002,,,,
1.2918206959029521e-05,0.11218116822714776,,0.0024563633425667805,,,,
0.00023118633719075557,0.11474379551778402,,0.005005296822526585,,,,
0.0018983017868989649,0.1255233929338042,,0.011515109803428859,,,,
0.0022818387396305517,0.1267760937109647,,0.011909965587153034,,,,
0.00693601039004151,0.14232468600491685,,0.027528380443561942,,,,
0.0067285696317910745,0.13852495657764421,,0.015460544303914466,,,,
0.0040991428169922395,0.137495035637977,,0.006490973218567295,,,,
0.009131818261505473,0.1479862785544328,,0.011767585496923638,,,,
0.002335812428493186,0.14221884314600802,,0.010620202508230571,,,,
0.011697631177707384,0.15776577921453175,,0.028506404140511865,,,,
0.01884970551913395,0.16644026239872192,,0.018294880213348682,,,,
0.030852512452748657,0.1782521707025019,,0.03262456195847722,,,,
0.042582395024806804,0.18744609345375157,,0.031171712005657288,,,,
0.02375279228416482,0.17844185305092147,,0.012800246987530817,,,,
0.03367953340481066,0.17459801825018942,,0.01844163419384474,,,,
0.01070762850064367,0.16439676858767494,,0.016407700784298446,,,,
0.007361477151756785,0.15407782963204347,,0.010394421790877456,,,,
0.0009667963707267838,0.13914029070722161,,0.004126670422116054,,,,
0.004776933474202579,0.15390391464955122,,0.00677083443254987,,,,
0.017717662183946024,0.16776500544340653,,0.011428842512084477,,,,
0.04048154564223856,0.17598696539532857,,0.013114648730135734,,,,
0.039654258731135365,0.17350391481403668,,0.03315785847719188,,,,
0.018565957513610884,0.17490537530101202,,0.015770946874660553,,,,
0.01216369211296509,0.168900682712814,,0.010047545497236444,,,,
0.005087824916189748,0.164873598137028,,0.010574465131320373,,,,
0.016696676269899183,0.17060882135143712,,0.02050474911577445,,,,
0.025558493357603688,0.17700490754156933,,0.020037128786173666,,,,
0.014078540343121055,0.1708050420460586,,0.01139512787367504,,,,
0.008846608674657135,0.16322482981381475,,0.01375580527583671,,,,
0.024476333160104866,0.1719465293562813,,0.0270618956490287,,,,
0.022999715880388856,0.1766997963431923,,0.026682364372028023,,,,
0.029107429214364534,0.17091672710789654,,0.030736982222042273,,,,
0.03167657580311748,0.16798660560753,,0.03414685797347688,,,,
0.030483605625648648,0.17348576717394282,,0.030064613777699156,,,,
0.014380475255611026,0.16575672283130155,,0.02550686536151291,,,,
0.020273868099839013,0.15754264371934423,,0.032024014652520486,,,,
0.01713754013884519,0.15776281134835193,,0.028255167197298762,,,,
0.01314928737103396,0.1552332745785107,,0.016467612369478583,,,,
0.010643185794902576,0.15154706673000115,,0.026195472042224565,,,,
0.005375289589749299,0.14501937641676127,,0.019987145766024086,,,,
0.004995747179147452,0.14207253965790959,,0.011452689028011737,,,,
0.012467031390264132,0.142470259864105,,0.008582050222360842,,,,
0.0019169564342535318,0.1333344652217625,,0.003847358051057033,,,,
0.014306879739657906,0.14546564703526765,,0.0090539375463771,,,,
0.0014617678289870384,0.13073766495627837,,0.0036706200967501976,,,,
0.008195840549017643,0.14065155329162726,,0.00608232763715301,,,,
0.0003117061563588598,0.12621088027655236,,0.0016032803859968728,,,,
0.002366239215016588,0.12981235738954738,,0.0022815316491369203,,,,
0.00023521372798390662,0.12258404808452945,,0.0012092068623383906,,,,
0.007306131686648004,0.13686516247310246,,0.004269663425491502,,,,
4.6720612146355124e-05,0.12094777793559434,,0.0009441988509310056,,,,
0.0007865316629546476,0.1262228313661842,,0.0014085184816176807,,,,
0.010437858443506379,0.14296838015823624,,0.005966434755206988,,,,
0.005840333970104497,0.1446735857805777,,0.003843257806997816,,,,
0.0014870674952927258,0.14374229762933272,,0.00400402397977363,,,,
0.007934346680271476,0.15326513673138775,,0.008088047345768767,,,,
0.025778373366448105,0.17370085407767308,,0.04013855390078997,,,,
0.006757902439940581,0.16192977630329303,,0.024372115999945203,,,,
0.0110443558798667,0.17347487686483953,,0.05381281167275833,,,,
0.022127472974835593,0.17533279036978267,,0.04947912753460138,,,,
0.029164853409409934,0.17905810714244025,,0.06387290080634972,,,,
0.029101390836038802,0.1818579191956572,,0.046864249888293075,,,,
0.033804577810619615,0.18965502401211035,,0.06117951899735443,,,,
0.026341173110265053,0.18639689682090305,,0.06739773651628712,,,,
0.018013678727486104,0.18143667414749992,,0.056266207040127074,,,,
0.02537571455934097,0.1805197747609803,,0.03700129496174301,,,,
0.015142946544589302,0.16109419495883315,,0.014381412681977448,,,,
0.0035361281709210607,0.15090373955869565,,0.005985329431838235,,,,
0.01406272673829006,0.15556199783395694,,0.01001838720429244,,,,
0.005963792280129811,0.1446205224215916,,0.005641584980236519,,,,
0.015974227454838445,0.15017612159915658,,0.009716281733239709,,,,
0.004078294279338868,0.13469517213445034,,0.0047183728258070054,,,,
0.008169133514458424,0.1391883768871432,,0.006478668327949294,,,,
0.0023337554446971162,0.1294373746732084,,0.004666436665886204,,,,
0.0002865158323388703,0.12371774054398064,,0.0024793622916217213,,,,
0.0012061393350640515,0.12856367387783188,,0.0036517247708091455,,,,
