system	x	y	z
WT	48.270	43.870	42.050
WT_2	48.270	43.870	42.050
G99E	48.230	43.800	41.890
G99E_2	48.230	43.800	41.890
K139E	48.360	43.980	41.810
K139E_2	48.360	43.980	41.810
M46V	48.260	43.920	42.080
M46V_2	48.260	43.920	42.080
I328T	48.360	43.960	41.950
I328T_2	48.360	43.960	41.950
I391N	48.180	43.910	41.890
I391N_2	48.180	43.910	41.890
K262R	48.220	44.040	42.060
K262R_2	48.220	44.040	42.060
R140Q	48.160	44.000	42.000
R140Q_2	48.160	44.000	42.000
R487C	48.340	44.010	42.100
R487C_2	48.340	44.010	42.100
P428T	48.150	44.010	41.920
P428T_2	48.150	44.010	41.920
S259R	48.690	44.910	42.070
S259R_2	48.690	44.910	42.070
T306S-R378K	48.160	44.050	41.820
T306S-R378K_2	48.160	44.050	41.820
